Essay1,0,-113.30226032372869,-11.01640968749141,-20.957321173948603,-25.47771853437592,37.18951398081614,29.55110276418206,21.73040892649027,-4.89384968631185,-71.19266239479923,-49.8011904942109,-0.7627876914066222,-1.7218077659295787,-32.0294675917965,-94.82704609964955,-50.14254903283695,-3.778945358970575,16.8774836847656,54.833374154715685,-34.60437040707258,-13.799780458514018,-30.92316928490116,-26.477784596432464,22.700518658215575,14.464062251823371,32.47793931658863,61.431531437503885,12.876950918133218,26.522883620170088,-2.743680831876701,-30.942516275481275
Essay1,1,-368.6986629467654,-32.49084223962788,-6.1702165257050705,-4.975544438433647,2.919572345973246,-14.270359915806043,33.39151096081279,-1.4995032609792611,-22.618153467287623,-7.472634955279646,-9.630171239743877,-7.98937054243974,-38.67191281899089,-3.1538839508395657,-10.167039370850425,-32.27111590547742,-50.441360671100334,0.27714325510547594,-27.211637855956738,-6.689470059448626,-21.441601642098288,-24.417398500373526,4.089284760124114,-3.517857542409011,-22.738174298095696,46.07829423674141,21.34031594544357,24.778114876205212,-4.974327145498644,-7.701457126187086
Essay1,2,-461.0177296475691,-59.57246340622085,-4.589869861411324,-9.971847469634222,-37.30324368178095,-28.574585200766627,17.77321553195999,1.196593112844977,-7.463158513727793,-5.971301279704903,-10.756034176922382,-4.578683251238705,-36.852690331310214,-1.6419338743014005,-19.31427774349681,-28.867376209524995,-42.49067529755665,-1.774881485397528,-23.47343925200355,-0.840928199017002,-21.98570604741758,-38.84556132952661,-7.944722565909245,1.7667120698377792,-13.893029014018893,48.64297234085279,17.562890665305193,29.80482971641448,-2.635112772636684,-7.733475375725596
Essay1,3,-422.2386554010185,-68.00160730470525,1.8240145735478728,-18.670491026330403,-81.33214313096875,-34.48724900674074,5.751320487835737,1.5197265549302696,-8.83655811964719,8.144229365685462,-8.29483040311244,1.084892606197689,-28.7729020808005,-4.058687342145948,-23.811959115221743,-27.58738375250492,-41.12974720828128,-2.299327840087504,-14.826763430721892,1.913467467961208,-19.437178322079895,-44.20993523839792,-6.087048807338583,5.771444891180057,-17.679472568259563,49.3763657533363,14.421623827346894,27.442775469589897,0.2506565232357185,-6.653055911562803
Essay1,4,-333.0894238010085,-68.59755929396584,5.659681226784724,-21.411041714535717,-104.74089744754691,-39.48314581501697,6.704410145899756,0.8926162671476529,-9.285740522227112,-4.271818706236723,6.462206678798619,-1.736943713093723,-29.218743717825323,1.8842488206081915,-24.80990207348711,-36.54963533959061,-47.9392073932035,-6.099465430172872,-23.518392715644076,8.16395079765633,-25.020636612892822,-45.78676446203653,-10.026016857103782,5.594224536687651,-17.125891439200004,53.19345042302374,17.969435531697446,20.12693840902791,-1.543910579989366,-6.480144360707503
Essay2,0,161.70517711501654,10.0787140679786,-3.6560666374010156,-52.00362557999274,-27.18384807715928,0.030945885637233092,-0.7934533491907777,2.7535458969721263,-10.977153735436447,9.298501095342353,12.942453266255594,-23.658719742307454,4.794064361096559,13.714965391596678,13.300962100575907,9.976578260137632,2.1730976466794942,-9.369489247091085,2.8272457876747086,1.528836329726534,12.875606438365622,0.8529041315119543,16.121560498738216,12.422969992117991,14.965548670611877,-18.498712244356323,27.582557233924984,4.207532934157861,-17.016732169677365,-4.187926217713076
Essay2,1,270.8538447375379,43.66065438904616,9.764021611168795,-34.73201461411018,-38.29798984509711,8.943324850236355,1.6554627041050398,1.6658435592745242,-7.188987774584773,-2.3427350021732005,13.693689483019297,-36.41640548548885,-4.020204665348204,23.424823130935156,8.673526196790196,12.212554172786223,-2.5197712881412837,8.566810012303591,2.9452090050336013,-1.032081621318643,14.476939231095454,-15.220172440905012,23.20598038904882,26.723082977523077,18.0797542608458,-20.384343538013564,10.857354845609237,2.8459683596149308,-10.209199070370797,-15.603265546795601
Essay2,2,267.99900622246474,81.76754123591107,30.42679878246096,-27.937489004608395,-49.57705207862806,7.588446146001238,1.5106255447123562,6.9340356908922836,-6.618485956107771,-0.9068686040988804,18.538565218823294,-36.34745220486635,-6.442260835448409,25.26103236421704,17.037160248365502,13.073136848928282,-9.097669834345822,0.09754213896489054,1.4660116580378588,4.5664843249848985,16.209338805503066,-22.07759249400655,26.385211191932974,32.53933165163258,7.085917278658392,-21.549228078204173,3.891966438830206,-1.1613768849286743,-6.154709612649999,-11.680099866394691
Essay2,3,96.75047770604229,125.3670350995956,66.66522138423275,8.261297584887835,-79.1222473599304,-8.448384117495845,2.0965572921970788,3.3420720282548393,0.9982479556181845,0.5575338051063222,36.57601208226273,-37.72663302201773,-7.608058934622931,12.10164701271925,7.731244814676434,-9.435846649563056,-6.322338006335973,9.14847563106873,-0.5531439250503309,-11.857816842572227,8.986267478093785,-18.56658112024958,15.7817684606924,36.75676624097005,-0.26333236188806863,-12.233167105362002,2.3324964765662406,14.456661361125569,-0.03359908417874621,-2.2509979772261968
Essay2,4,-144.6855047025013,107.67047013550508,46.44972575126276,24.589329632661087,-14.212760384923248,35.10227687376891,18.802477412970813,-25.517007733633974,-6.5165478790035145,-0.6114370667898207,1.787914984399617,-11.663244609103572,-26.14806028593155,25.595867870221905,-28.724333800334673,-19.678766605468212,15.872587471412544,-5.682343901385639,29.6987795329285,-0.09565211358614874,-4.161746797114213,-5.001212234376406,26.049727450371588,39.352315159694115,-5.3332602258651916,-59.105463056360044,-45.919244793768556,18.694601754401756,-1.7769552862657434,11.92850513947801
Essay3,0,-405.9666757704153,4.346437430334056,71.92293994287168,72.98555495097344,-48.448532295380566,48.51390524320032,40.50366100160373,13.15963549262908,-31.77658344592779,-4.854610211790412,45.31624079721704,-9.613563695973642,-74.79609591126882,-19.50110828547352,-7.908752267690443,5.045575700547413,-16.197674563962064,-3.251191940793604,-20.21994324672609,2.2485760715239036,46.43421625128919,10.41402818305956,-19.65784958355966,34.24730144638772,-54.18396184574508,-3.606753051340383,24.303497634283993,23.4503792793339,17.99546010001648,6.011525821406251
Essay3,1,-409.1233880764096,3.466947766075337,84.88245366293296,80.13779236749433,-37.25625364135472,65.78599455466517,40.4524926895569,7.0677577642749085,-46.96368690574038,-9.206482795532116,48.63552906708054,-0.3944040603467308,-69.24298675332786,-30.501908172103466,-6.681019658445416,11.430612618888544,-17.928185221688054,3.1400360880702607,-20.509106833872725,1.803989551910478,51.732006204409885,14.339804952396765,-14.812857762816805,36.82183843296618,-56.93780113301026,-8.964819706378426,18.153336511449645,25.574309875897843,28.443376994098,10.924649868214528
Essay3,2,-363.86121237212274,8.119316694171836,102.64421606087343,72.84831449741051,-33.08788846165642,58.973546644091854,45.62783097683129,7.951024573167441,-59.534239460030896,2.362330318163035,60.34900835757323,3.21215355913558,-76.67548056241397,-38.31917544490245,9.678290003942829,9.041518994017867,-16.282610898717227,-0.6970955869425709,-14.006833611963538,13.04860079570971,51.890848760687724,16.089734034429885,-24.38555092718473,29.561924647709677,-51.768369300980105,-13.834641038600958,15.788628374531992,21.56651634707116,28.672090114904332,13.393741245904911
Essay4,0,76.54385813155278,27.427901523617077,33.56533800456073,-32.78408074809351,-2.159273891345594,-16.2928235434853,-13.428332420844725,-5.728725671521425,-4.033087191130379,7.094748480333639,-2.08033404021485,-0.498394383701897,-13.149981429074595,3.0391392073682693,-1.9935147858669364,20.01821848609005,0.5310280186936436,10.77387993531972,-9.397881334787794,2.0960085243497657,-2.8253552664291375,8.184699128353936,6.835474513632848,-1.1396689658940462,4.9216406693616825,14.444171231198863,5.952407810307684,-3.046784495169059,-12.17251466214533,-5.724951615192725
Essay4,1,44.74830503236649,40.409905828759825,96.10445902007142,-51.750876259709564,6.379327550007261,-21.474334751781175,-22.54925565015192,-11.264805048419067,-9.974477163735703,-4.38963977041822,4.9226521403335495,-1.4767155184876133,-11.092396867131347,7.132466749913425,-2.4402934762872075,17.729606003561962,4.872731293581098,6.58003869742022,-3.91731471544904,-4.230898380801614,2.825925892854348,10.266276801051943,15.547836583972066,-3.936949329865672,-6.086498792081222,11.051210454084583,16.824545118114884,-4.524276661481568,-12.856847301032595,-12.41467803130629
Essay4,2,-35.738149980687446,46.45493763313904,128.27626922469597,-38.66386966022108,-15.643113273964067,-24.008829994827046,-27.489350162367312,-30.579874061908345,-9.954000332100778,-15.825971755718948,12.363248558258928,-1.1453134421766886,-3.2058635223252763,14.15589792469586,-3.664635884556241,11.896600044220492,1.4170905315895033,5.661766206730551,-1.2714143451365507,12.460092148004044,-4.929617704281323,-3.0255742225925686,8.940258712224823,-0.30191558624936543,-10.155825993418135,-0.5977893219838363,19.688847580171345,-1.665319255402578,-10.688495360345716,-22.172757311575417
Essay5,0,223.61572744770373,59.97494489256202,-5.282711517374487,22.656624369227657,-0.8277864759667969,-10.542995264025736,7.7759417644837265,28.706988067378017,-6.903064497990995,3.26896281868738,-1.865377154162464,2.6418254416073323,27.653461110274215,-11.49169105061258,-49.82092819864269,1.8511163834139008,-31.809155452937826,-15.618675731675946,34.22002412590762,-14.163837655860794,-6.028391810343898,23.839730799708402,19.727994518948922,38.547779394018,-0.7419727102960929,-22.56331687158156,-30.846525521208445,12.689900866169898,-20.029386839760384,14.804636955212729
Essay5,1,265.2356064775878,99.46607440248162,-3.2995106758779187,30.62614044708605,7.017467104463227,-3.0242039619346057,-2.040191584835965,30.406936459816187,-4.825131632551348,11.745578744830988,13.02671728617138,-6.994543807931433,26.59835578645799,-8.026285147736541,-51.37660023467052,0.29305363231788145,-27.911913861709902,-8.550590123700886,36.00482337793881,-3.152468545507217,-5.033396623814544,18.326049003396488,19.998046643585084,32.50577339065273,-5.436845177710921,-20.273086096586827,-27.439210086252917,10.108547071226209,-14.055126956434856,14.399110727023697
Essay5,2,239.57780263720022,130.81566360244096,0.8338844771762789,26.093027286196065,2.968635081048749,6.854520354753597,-6.668308515548768,24.866825266004142,-1.642532631660412,11.27424520925803,25.038383279771345,1.6910083521132204,22.075066200718926,1.2584929131127562,-53.84501049423639,-0.45603560796025217,-18.45613522656432,-7.200378468364572,38.07670589875166,-2.5525972472114167,-8.792984377163682,21.979059576151734,19.301289933015795,29.83336239989166,-2.414855818073699,-16.202259776714346,-33.312450764268505,0.8430955537181666,-17.833767971266546,7.708933514266357
Essay5,3,183.21210570969643,147.78151993426115,14.18268590219389,20.52397637050336,12.397761340020132,22.908578267685872,-7.428627236230281,25.94082948167735,-6.440812566082125,8.739082872031089,45.62409322999775,14.099671642135103,28.615449549973192,-4.199172405050387,-57.197973101715476,1.6920088711099015,-11.669863222448937,-8.579669022119193,40.65740809934055,-3.437903950599494,-11.477384837873892,24.342337607289622,10.045862029296453,28.23770270107259,6.440705283019825,-15.561840535332667,-32.78100382183078,-4.230248237959005,-19.19355899333329,3.8264890231075444
Essay6,0,-190.81608914193143,-12.321245824310108,-62.50070244098492,-18.441639540787076,-3.2838158718679624,7.800989612697178,-19.869809697598324,-1.94509410149854,9.497149577412888,22.205486645081923,-8.88931546762743,-23.349718578043348,-2.369339710194841,-6.196731104072486,11.2695271952836,38.50503776153528,8.425754891319837,-0.1998316517557685,0.4003492313868636,10.974714228281075,-12.897273953299985,-8.526018083058576,-1.4063713738005903,7.590654590836451,-5.160153624234582,8.809438548106238,8.045070737542842,-21.340539953745104,2.0133521800072414,9.468790742980332
Essay6,1,-253.6957156913019,3.073668824771178,-93.98668871456606,-38.473082586642164,-4.287743146034682,4.661253107309049,-28.85362411259082,-0.9560891912710231,21.114366506918813,26.459674943619614,-1.1737510845626202,-25.80467955270294,-1.559965601010457,-3.8208547520285916,14.231389971665296,38.265879290887774,6.753063341840256,9.520010255934759,-5.787992597936747,11.800145027899122,-13.849949789160377,-15.513293590693765,-11.991157357802505,9.3325541471217,6.835372953700982,9.189718128476066,13.433390359329618,-20.151174839250995,14.516786013795107,7.059999903916689
Essay6,2,-274.2727552927379,28.739742945107253,-125.65189327448462,-52.22869653194257,-7.499941477934057,9.575498277071388,-29.792270726195497,1.891403903970631,28.846902977846174,16.366032355561703,0.7492894722038472,-14.064683635423535,12.59073794597832,2.7715415981388105,27.237924024734497,35.09499836468172,11.795148707382186,8.962190494557047,-10.041695924151748,14.113652149819186,-16.226734139317912,-21.106131816356363,-11.385509294373186,15.1846018601676,13.351689823088245,8.414935039807593,15.135976342560873,-27.250405301793183,9.066130545156941,1.2927529920869532
Essay6,3,-195.72919784440734,43.065640488526846,-187.9751469511061,-43.56416544323262,-16.84861565165199,23.797929853151672,-20.620167571610395,-4.487959619143208,42.7407627169099,24.833329424175123,7.173802976654644,-11.617994451658227,25.008078956476517,6.252299610141192,37.10867261386,36.6491788663352,15.61227552708571,15.387880576816075,-4.265486866884096,15.070041987350393,-19.761534380418983,-26.31830633913267,-11.448106560856948,15.530529159760002,17.616802230987844,11.771928751977661,23.173088895536758,-25.924829151662994,8.3776230279049,-8.963826827983773
Essay7,0,-341.90777386269366,-0.34462560076981336,-0.8752906089185664,0.06229501624371367,0.30843403604604536,-1.0266314465991753,-1.1344974690267848,1.654028381890531,1.110453361241248,0.40737060090027616,-0.3854946740829954,-0.30313737341709673,-1.013877501191037,-0.45783429104723294,-0.7011499023667498,0.9497980115690592,0.28643764052757037,-0.3209294981439772,0.6261748405393612,0.14702601068242677,-0.39341283140446853,0.10315062573566158,-0.04093948728717735,-0.165051079349979,-0.1232065680464399,0.01337006783094765,0.3509939649748063,-0.28706773149391035,0.7915093466955984,0.23031084112416558
Essay7,1,-292.16833955964114,-3.2656835591209696,4.406649050442207,0.9954492986411709,6.573200552815862,15.466371303378693,-4.075014128916616,-16.591477844291703,-26.4549185295856,-57.604408926959444,-13.931652157829744,-18.022158983509676,-7.270255330858264,11.063158857732994,-7.109881082805715,31.366288835872155,-9.196817072792834,70.54106755833394,-4.840329394184997,-10.758545693690957,7.953527286719194,1.2542582932665163,-43.50894701645755,56.98616611032768,-1.5630010552694698,59.180094415877264,-8.878097657442616,13.732720001828074,55.073862488383874,28.687566471836245
Essay7,2,66.22586608048753,-38.21921811138659,-38.084771129389104,7.576742035571808,-3.491341272286286,-31.316145636003426,-14.371227576249,60.5401058760756,19.070753165270013,-10.74143303238298,12.075258579211104,7.9110819613459045,-3.1922091467341382,17.36869330149977,-26.893211620754883,22.044959390628314,-41.05663025112466,-12.703527654731111,-1.0448675307855526,-0.5866791938473644,-21.267567750313738,6.215225645550789,-21.87229949724128,-4.092336038160271,20.442824997622992,-18.40878987062915,-23.429910463601885,-7.154056258618087,-7.717208894007615,-3.867169626901191
Essay7,3,171.06804594769352,-18.25134693947691,-0.036520089182257714,4.638448137050863,-2.239320286786881,0.9490803141627717,-2.8205240155817854,34.355962286060446,23.941800682510095,3.2022836438364832,0.9741551298403417,3.7847384477295227,-8.54632909421706,5.201349764143169,4.9039403686420835,-9.759478668418094,5.997273117115602,-20.800669940529897,10.132614069969204,-14.738599833569255,12.058481317893438,30.62861430271153,0.5581253069134557,-4.673882507953203,27.888155493182605,10.496204237102463,-18.563025478932772,2.0867605639220224,4.646811678896591,1.2581315362312626
Essay7,4,189.17583142768615,-16.373145937663324,-8.506898527390948,2.17925380517046,-6.208276715783955,6.021805147941086,-1.4707316484541717,29.43844652513558,19.578330332485635,-1.3481923728301761,-12.781793516281157,10.661131515001436,-11.057493106219827,3.9754811948327937,-7.793641815581929,-5.157912283049499,7.9143915724744645,-12.559952854089632,8.996915852467795,2.6350205058552003,2.0003043572736905,25.075465918393625,-3.972326576204128,-17.802195495254484,26.1142834173008,4.912957829597881,-19.83941056556423,7.989601863138461,8.956437615458277,4.108588468902668
Essay7,5,186.29797869661155,-13.168321115986165,-2.3750761285896687,-1.6212601499334702,7.155479066609891,-11.029086554830693,3.790980695042488,27.195377689929593,21.568096346909854,-1.7432590018425294,13.879434899763584,-18.6003799629208,4.368763163729292,15.995147869991284,-4.602383886977336,12.405584068654974,14.168250769507722,-27.405038952241856,-29.003698821692744,-13.792116825663854,-23.404096681561576,-1.0213833664122514,8.760483723917696,-8.187259279551284,43.563842330836835,-7.613392952186042,3.021156314853898,2.2266740619608347,2.487347652517974,10.262768432757806
Essay7,6,200.53484279592155,-4.654643289846153,-2.3801033656134507,-2.9368918803404487,-7.751263994674425,9.387062621172268,-2.7165409910762386,17.146587234938448,13.751940689234134,-5.1186662913309355,-13.619438430923092,10.035872514719905,2.666403425765009,6.876977442092956,0.022145982641018594,-21.580081667903634,14.276983470768446,-22.970834933812757,-2.8564493494767795,-6.202573781064244,5.131265622855131,14.63304670737183,7.074120672538718,-13.835771848129758,27.601408262902766,-1.5650124475156968,-7.099846763664398,4.021151085705193,4.241301569200117,1.6175705725930274
Essay7,7,245.41207637434744,13.309903215210703,10.551705333132837,4.110206909002002,-4.9245845239162325,-1.9992841659423761,-1.4710331396569747,-4.763381517989867,6.352809709131974,-5.787724532131122,-2.498946988289219,4.07450780665277,6.890734222168663,1.536978076408978,-0.8888838828315998,-22.288709212552323,4.854174601498903,-12.115763741723358,0.16459440099097739,-4.37660708459988,14.687519461279976,13.359294204905112,9.012160946327521,-11.182612228655842,24.323370890653777,1.8719266612847758,-12.091199692243867,2.6067565032226128,2.94582901897119,12.480672651659587
Essay7,8,211.43892161960474,9.184644194846761,11.989488046487468,1.8531359878163136,-12.24082492048786,7.502599773286793,-16.770422782150728,-9.928340301659313,5.119364831126702,-9.760190805218445,-2.162146114649375,-0.061885571483183105,9.482969512940652,6.046013886584449,5.5062372494053715,-30.496063152977815,12.00468188804974,-19.680129260405664,-0.5423209159893426,-8.592166955232326,11.800225266380126,14.02811508136223,11.181524089036214,-12.774411333117948,30.01913229965723,5.1560091086039295,-10.111713642852282,6.112725587164821,1.7438387272850189,10.035033464758387
Essay7,9,197.85694685971953,17.052944299346986,10.077201338258712,3.090917737484484,-9.356818166034856,-8.19817389549178,-26.374654397733167,-25.15465502296814,-9.697910049317343,-4.812011009420424,-16.88536875941643,7.083978789079944,6.551161344582182,3.8262310339792096,1.2862813277708898,-29.022962670562222,5.02779937292507,-10.01479682582119,6.841803004733884,0.7804486406779438,14.996689502354933,6.052791933895136,7.327038500327395,-2.110602593776725,33.47645712551396,-3.1223096288723307,-4.881357045264324,4.969000230353821,2.7206073974335796,10.000074306434302
Essay7,10,175.69999252076394,18.124658216503427,7.587174187544903,-2.7084530423805235,18.526864215110606,0.691994644127513,20.232149087159808,4.023357078548876,-3.95577646866005,-10.87950630212271,-21.39579064836788,1.9146846618323226,18.253734836006416,-0.15568067845618613,-3.797499816361164,-33.898189803711425,7.100990653240238,-6.164266589869826,-10.952576445662483,-13.193195180127214,11.190169400650996,8.77864922501648,6.070525878073117,-15.09094355563813,33.39034240127626,-8.708245254795639,-11.451425370711627,2.1989923106327365,2.6263106687610147,14.117409708964914
Essay7,11,193.78978734211697,17.822080130259568,4.425597899879887,0.09055175380086217,-4.523546070487917,2.518495205458777,18.84673245509794,-4.949406650424378,4.53571146163857,-12.789538416091512,-16.062679078875046,1.221936412371242,17.443889710755272,12.164684740355588,0.6585932766919319,-36.61467186716949,8.132870180182557,-16.804577867004546,-0.8846636625125309,-14.672124641114536,17.6176548917426,8.830638375594688,15.240339740607894,-3.247860665040677,43.81770285764229,-8.256189158453825,-13.933443200523648,8.830327715451483,1.8157420881572415,18.471785221650617
Essay8,0,362.85630409054,-0.07885620620272156,0.8211847755739992,-0.8238726924860604,0.22963560723418824,-0.1727339733978479,0.5453314966061383,0.4817262285542036,0.36492122499869967,-0.31118628917052976,-0.22778943504392535,0.46106394648621163,-0.02073667800230094,-0.4902746481560941,-0.3442869917761728,0.17877396038791815,0.3851757376920284,-0.40873767380347914,-0.2403458610016942,0.01872444283511281,-0.3600053540178909,0.1399690363102968,0.30816057490916154,-0.10693053739175772,-0.47600209749551736,0.15432842289371734,-0.26715612952265844,-0.2056062184688785,-0.19506537825805703,-0.0874109838816707
Essay8,1,362.85630409054,-0.07885620620272156,0.8211847755739992,-0.8238726924860604,0.22963560723418824,-0.1727339733978479,0.5453314966061383,0.4817262285542036,0.36492122499869967,-0.31118628917052976,-0.22778943504392535,0.46106394648621163,-0.02073667800230094,-0.4902746481560941,-0.3442869917761728,0.17877396038791815,0.3851757376920284,-0.40873767380347914,-0.2403458610016942,0.01872444283511281,-0.3600053540178909,0.1399690363102968,0.30816057490916154,-0.10693053739175772,-0.47600209749551736,0.15432842289371734,-0.26715612952265844,-0.2056062184688785,-0.19506537825805703,-0.0874109838816707
Essay8,2,362.85630409054,-0.07885620620272156,0.8211847755739992,-0.8238726924860604,0.22963560723418824,-0.1727339733978479,0.5453314966061383,0.4817262285542036,0.36492122499869967,-0.31118628917052976,-0.22778943504392535,0.46106394648621163,-0.02073667800230094,-0.4902746481560941,-0.3442869917761728,0.17877396038791815,0.3851757376920284,-0.40873767380347914,-0.2403458610016942,0.01872444283511281,-0.3600053540178909,0.1399690363102968,0.30816057490916154,-0.10693053739175772,-0.47600209749551736,0.15432842289371734,-0.26715612952265844,-0.2056062184688785,-0.19506537825805703,-0.0874109838816707
Essay8,3,362.85630409054,-0.07885620620272156,0.8211847755739992,-0.8238726924860604,0.22963560723418824,-0.1727339733978479,0.5453314966061383,0.4817262285542036,0.36492122499869967,-0.31118628917052976,-0.22778943504392535,0.46106394648621163,-0.02073667800230094,-0.4902746481560941,-0.3442869917761728,0.17877396038791815,0.3851757376920284,-0.40873767380347914,-0.2403458610016942,0.01872444283511281,-0.3600053540178909,0.1399690363102968,0.30816057490916154,-0.10693053739175772,-0.47600209749551736,0.15432842289371734,-0.26715612952265844,-0.2056062184688785,-0.19506537825805703,-0.0874109838816707
Essay8,4,104.29543542289863,-57.601898962756586,46.28604119810215,41.07481025545226,23.28470755473496,-32.26111718723315,29.066806220097806,13.6447465120731,-53.47582175293675,16.641183829343376,-77.52421769388387,-3.5642788745176506,-3.670743977033243,14.175003572507128,12.276645614033068,-5.390740034739926,81.07731609818094,-74.37601864952607,-39.537870228147426,39.93487985144493,-55.7269830119264,-15.795457865937754,17.48707742774389,-31.09688577677877,-54.665924195593234,64.42083141123534,74.45282732431521,-39.11024568164577,14.88690338361245,28.573298494889524
Essay8,5,-98.51616645945954,14.698814617366114,-10.517744002909295,31.071079194045666,-0.5742839762166685,11.736802691792239,-33.7127245269982,11.29148610090951,-0.8080166329885159,-24.33693407327012,2.4769216370564062,-20.970199033616026,-3.9832483720494065,3.0729984048036636,-20.196398857232214,-10.80522842641338,47.967236915294286,3.4175882791319334,-46.54996779934155,28.619769725859978,4.125798790517795,-9.622947990663292,-59.75120471467557,-14.504090854127416,7.007621978670937,-21.114619700204187,6.290937313571502,7.526200958576619,39.02217609532895,14.051973935373972
Essay8,6,-79.68318230956268,14.647070904073813,5.915468807525551,-44.676276857721845,8.64890725563778,-36.67747959741253,42.46566169206757,40.99986138512745,-14.01289139221395,-23.163036265710605,-24.199325052434602,27.1147612042803,27.2387977774283,-30.727519944038246,-35.37394631235033,-23.977229664743312,-9.21259987904604,-3.8471393558814904,-25.66666586814521,-28.536028801122544,-1.4045509772870082,9.467285574036328,-27.333402486790416,-40.07414563540415,-23.74219172453809,-10.533279928910213,-58.162061076426035,5.564536159149772,-54.56642414782502,11.851989007494556
Essay8,7,-104.46572241503492,60.09338845481156,20.283288322531057,-35.87106610211606,22.40279085224532,-35.07631758682257,-15.544821764443736,-20.534951538678452,10.780672368637886,-0.46940650330417316,13.998914395258165,-7.513535493539279,-26.84839376109042,22.05405169273105,-61.97784377613712,-82.38434751032645,36.061245199495694,5.602409271142156,-21.70751180083275,78.48847042901565,-24.88654218089883,17.867835699660713,-28.89525627690039,-15.08065985627302,-27.17302462978614,-28.263905781888717,-1.9432687643177469,35.26138741846764,-31.857409029228027,0.8492086290534155
Essay8,8,132.91031787159534,7.047656492443373,32.80817280297061,5.553113701105653,-16.112010466669226,64.0885489360121,0.8044832392031469,12.127579963406085,11.59834943217991,-69.08096154993332,-35.22524350308768,5.674575064096752,-51.391010520675195,28.129854761329298,-16.350480896275453,4.867955723449341,7.742864024626831,13.967819794966,2.786250612796539,-12.601075040835184,-14.45094681518691,26.915773785611478,-30.585663661195248,-17.341668064912163,51.68784602093577,55.118306570338376,-44.31854650961013,-21.46844202103658,-32.5698605034448,10.563218751142976
Essay8,9,-358.15156896914914,-13.644922501904032,22.719521429448452,13.937496799953198,0.8495705135306694,3.7761719030262535,3.8649659585747766,10.223211370554685,-14.886755805075849,-12.27380782382006,-13.62916781602406,11.58873567748492,-8.11457109117576,-25.132966203647644,3.8668362093860935,18.38006471337904,5.246408712045112,-10.30829776395792,-1.307271198466078,4.946851395334565,-12.39755463997361,-2.8865662418857414,13.49880308857213,-9.993292940493683,2.8689101365493554,-6.476556345140106,12.62828590646917,-2.0805780940789176,11.033877869366954,12.593878960037532
Essay8,10,-327.7344551704826,4.933304865913336,25.81657220796664,-15.035320126164263,4.762409546256498,1.1304569063215089,-11.64963112009402,28.353376850019718,23.12720545695679,-7.651875389237806,4.943425624503141,5.305568415174198,-8.941988636276337,-17.348976951812286,5.519520321569811,13.111004163310058,-10.980900052822044,-3.2562610776930985,-3.5624747788878945,10.643768891746712,-35.8349288422684,-9.307873147299246,8.262081191212175,9.746956746514874,6.230217150778148,-11.685822711233994,4.53479149133043,6.4064069174366,8.369255833007944,2.99692881868862
Essay8,11,-340.27199230159886,-3.5639006441412735,-2.200867026244194,-27.234259865883665,-18.601779916452788,13.34926372441649,6.395936541446809,-4.045723987905157,5.335757320548096,3.406804929732218,-1.5079399327231264,-4.406186677692159,5.063524135601606,-25.162764051095092,10.805772414439852,31.83207362162788,3.97243001583359,-13.346216561822692,-1.7739018271034952,-3.535135607032834,-23.41937929393244,-2.615183664295616,12.64353550078684,14.37162529353352,7.872693062186581,-16.43962049056392,14.16314953469214,-1.7269288635345479,18.078834683366708,1.6118288772798055
Essay8,12,-349.40964375271943,-6.5261616126918,24.149194885575007,11.234043092018165,-10.464234642065945,14.011907835241221,-8.209599659760695,-1.4823468825545063,8.770753397184661,-10.114928759578524,12.413616663838651,3.013577722125826,-2.4206042800034604,-14.7139210018675,12.383324031012613,12.543900266341089,-0.060537267897127864,-0.6483322235534601,-1.291025570381694,-6.314735064088941,-13.793356645570377,5.203037475927188,17.865127523019524,14.833294389006799,6.2824663132680945,-15.851757179162142,8.770389983379161,-3.920129251053739,4.538025747154112,4.683199649332179
Essay8,13,-292.22602393572646,19.043220377025392,-29.247327736579773,-116.45207897614213,16.45570633041622,-1.321275932861477,-25.854395344409884,10.402889154726639,-18.206436500434624,1.1024653056358995,2.9360193849699505,14.379184205433189,27.74337903704784,-50.62496389708048,16.057274926681757,14.401343668928998,-14.53234621435345,-10.052448245103644,-0.19929791030326008,6.960303047583969,-11.892014350686987,-13.951377980460592,12.213640586425267,21.630146025217908,8.63368392643592,-12.845630105840021,2.068452785777673,-8.399779879610858,26.921951926330927,4.967806795239074
Essay8,14,-386.8930174961388,-12.610235174913095,1.3023658973870749,-7.793672604582818,-15.023290139831715,10.303347300881157,-3.538962578182055,-7.532246648331913,-4.767900689669346,5.585349492286922,-0.6024151248599453,5.41213274514129,-7.174540338174062,-9.536330386913287,17.3500194684607,14.280244280905103,-9.841456733618537,-5.433887703972421,2.652652723606969,-1.5516670103853096,-13.024468275942676,-0.04116479046403789,16.297004383110693,9.759494364415845,4.635292011134056,-10.715900625116236,8.505433993296805,8.416164871759005,8.202674388294632,2.6278314707699697
Essay8,15,-277.08336000879234,-22.211247629626236,17.883697208718246,33.8656425194696,-19.3483331339739,-2.7724156892079255,13.347279840698738,-9.437028874912771,19.60046115184247,23.451151880164524,1.1097146894603138,4.732592341012386,1.2897166808885474,-7.425432265848628,21.71485408060417,16.959901125959252,-14.899119776167032,4.488249629355891,14.43456710119276,-17.844497670802713,4.292737917080258,4.793171223638515,36.9564320624735,-8.455565022388091,13.868887195672347,-2.7714855047580085,-2.8388002833751607,32.73193610185667,33.447005194525794,-18.28095382496561
Essay8,16,-143.66316742651964,-25.494814502531717,-2.5707536358571432,44.79234249132632,22.59179472044028,-42.926579229959415,9.631437519739482,3.11318318822004,40.45707670727042,41.827424601639976,72.52692480188144,-43.81885649343863,-30.982519530958996,0.847956805552797,52.197272595139935,-11.709387951612316,-53.868364321320925,27.48880399086081,4.266609525508903,-15.320873077143375,70.13170117479721,-10.578687005151926,30.57885616151778,17.672148380742,-0.6153488105240476,-35.46471715517578,-5.729627969556486,1.1799614974536463,-2.4040354057193034,-42.161552877044365
Essay8,17,-168.9714214587049,37.81008978477742,-84.3255035665596,21.7485779337593,8.41283033191978,-9.652526729802922,-10.725208717658635,-12.98619764093483,-19.561377261903527,14.744171996137654,13.535632007468687,-9.12222290034201,15.672812717684918,56.56653768601942,10.71992450386023,14.15943113042407,-20.309682434916134,-44.634702419813415,1.6824361868991715,-9.043754113534078,63.79485048218738,31.800040719900434,0.3723047754622598,37.266437382782335,9.795515151488798,-4.518130321572957,-32.50294719869353,15.495930657323497,-5.303981485277992,14.12798413712501
Essay8,18,-184.5382762781655,6.2255586616462235,-2.313756908721799,16.78894246207255,-10.845547604182622,-24.90750521607214,-17.718771507019405,-23.90027816748149,5.533857416934996,1.633621224699595,3.959216431899443,6.526863260795741,23.262750910514647,1.3466232487861,6.607780421668633,-4.516703769757926,-17.447986800151075,2.833745472591556,39.17766079569358,-0.5845413860822524,7.4902349257092835,-20.501614192534625,-0.1283051180154575,-7.378009077673847,-4.609907382406595,-6.0592462369192495,-5.4311038420517255,-9.805843114578103,-26.74087926715041,-26.045865364992448
Essay8,19,-297.52602335042445,-6.062966995534745,-3.6221923908944307,-8.613695360796783,-8.83524861305995,31.627229792706547,-13.780861598472564,-12.865615639722517,-16.300268799084552,16.098305689906702,2.840116804902749,7.513395809180512,9.717337453139287,4.039701974342739,20.933083076951316,29.765032244331493,-23.220586424245806,3.7859131930660777,4.767266980326667,-16.146399786939032,5.398945470495904,0.9935452411455823,9.646971813025607,6.3819580372334945,18.673697348239735,-13.100429098276594,11.811837041480365,10.072042055722891,7.341940133813322,2.0102576852982987
Essay8,20,362.85630409054,-0.07885620620272156,0.8211847755739992,-0.8238726924860604,0.22963560723418824,-0.1727339733978479,0.5453314966061383,0.4817262285542036,0.36492122499869967,-0.31118628917052976,-0.22778943504392535,0.46106394648621163,-0.02073667800230094,-0.4902746481560941,-0.3442869917761728,0.17877396038791815,0.3851757376920284,-0.40873767380347914,-0.2403458610016942,0.01872444283511281,-0.3600053540178909,0.1399690363102968,0.30816057490916154,-0.10693053739175772,-0.47600209749551736,0.15432842289371734,-0.26715612952265844,-0.2056062184688785,-0.19506537825805703,-0.0874109838816707
Essay8,21,-38.43621112101666,-5.401948764493016,-4.685559339070662,-1.388607149691889,-18.212861216829282,4.902757159722626,-5.146045342917458,-28.536368317618198,22.98222599004537,8.340037890118763,9.80697098266713,7.757064121467119,-6.000316010988584,21.708767653693695,-39.48337831647693,-1.9985629778385503,-19.409152938970948,42.995868215974035,31.46481295388557,-14.502398639369808,22.83365033932173,-4.87932334314862,-9.857723811719747,-10.531833531370063,-34.97570616243559,82.7941678553841,0.5357439069446235,-12.630446184787987,-12.898077509682299,-22.14461120392846
Essay8,22,362.85630409054,-0.07885620620272156,0.8211847755739992,-0.8238726924860604,0.22963560723418824,-0.1727339733978479,0.5453314966061383,0.4817262285542036,0.36492122499869967,-0.31118628917052976,-0.22778943504392535,0.46106394648621163,-0.02073667800230094,-0.4902746481560941,-0.3442869917761728,0.17877396038791815,0.3851757376920284,-0.40873767380347914,-0.2403458610016942,0.01872444283511281,-0.3600053540178909,0.1399690363102968,0.30816057490916154,-0.10693053739175772,-0.47600209749551736,0.15432842289371734,-0.26715612952265844,-0.2056062184688785,-0.19506537825805703,-0.0874109838816707
Essay8,23,362.85630409054,-0.07885620620272156,0.8211847755739992,-0.8238726924860604,0.22963560723418824,-0.1727339733978479,0.5453314966061383,0.4817262285542036,0.36492122499869967,-0.31118628917052976,-0.22778943504392535,0.46106394648621163,-0.02073667800230094,-0.4902746481560941,-0.3442869917761728,0.17877396038791815,0.3851757376920284,-0.40873767380347914,-0.2403458610016942,0.01872444283511281,-0.3600053540178909,0.1399690363102968,0.30816057490916154,-0.10693053739175772,-0.47600209749551736,0.15432842289371734,-0.26715612952265844,-0.2056062184688785,-0.19506537825805703,-0.0874109838816707
Essay8,24,-21.727131341299646,-8.439245294686815,-64.98339158999215,39.81569322610909,5.618945836251383,33.06073939994515,32.64165937420615,-10.516673238138992,-0.9817934903224368,22.662453782016858,13.592753547181893,-8.951667595605016,35.75513714145221,31.896769197944415,-3.6262332317426123,-34.76601917350681,-4.068375796959615,60.67380961771489,45.98790530543794,-44.34238765779469,40.542646666186094,-1.4459049553156997,-10.552644196490194,32.7715513221691,9.93800111350647,-9.064818233904283,10.492694461838463,-20.462893032000437,-9.232365569804372,-2.747452905486937
